Question,Answer
What are the benefits of donating blood?,"Blood donation helps save lives, reduces iron overload, and improves heart health."
What precautions should I take before donating blood?,"Ensure you eat a healthy meal, stay hydrated, and avoid alcohol before donation."
Who can donate blood?,"Anyone in good health, aged 18-65, and meeting weight requirements can donate blood."
How often can I donate blood?,"Whole blood can be donated every 8 weeks, while platelets can be donated every 2 weeks."
What are the side effects of donating blood?,"Some donors may experience dizziness, fatigue, or bruising, but these effects are usually temporary."
Can I donate blood if I have diabetes?,"Yes, if your diabetes is well-controlled and you do not have complications."
What should I do after donating blood?,"Drink plenty of fluids, avoid strenuous exercise, and rest for a few hours."
Can I donate blood if I have high blood pressure?,"Yes, if your blood pressure is within a healthy range at the time of donation."
What are the different types of blood donations?,"The main types are whole blood donation, platelet donation, plasma donation, and double red cell donation."
How does blood donation help patients?,"Donated blood is used for surgeries, trauma care, anemia treatment, and cancer patients undergoing chemotherapy."
What should I eat before donating blood?,"Eat iron-rich foods like spinach, beans, and meat, and avoid fatty foods before donation."
Can pregnant women donate blood?,"No, pregnant women should not donate blood due to increased nutritional needs."
What diseases prevent me from donating blood?,"Certain infections like HIV, hepatitis, and syphilis disqualify you from donating blood."
Can I donate blood if I have a cold?,"No, you should wait until you fully recover from any illness before donating blood."
Why is blood donation important?,"Blood donation saves lives in emergencies, supports surgeries, and helps patients with chronic illnesses."
Hi,"Hi there, what would you like to know about blood donation?"
Hello,"Hello, how can I help you with blood donation today?"
Hey,"Hey there! How can I assist you with blood donation information?"
Good morning,"Good morning! What would you like to know about donating blood today?"
Good afternoon,"Good afternoon! How can I help with your blood donation questions?"
Good evening,"Good evening! I'm here to answer your blood donation queries."
What is the blood donation process like?,"The process takes about an hour, including registration, mini-physical, the donation itself (8-10 minutes), and refreshments afterward."
How much blood is taken during donation?,"A typical whole blood donation is about one pint (approximately 450-500 ml)."
Do I need to make an appointment to donate blood?,"While walk-ins are often welcome, appointments are recommended to reduce waiting time and ensure adequate staffing."
Is donating blood painful?,"Most donors feel only a brief pinch when the needle is inserted, with minimal discomfort during the actual donation."
How long does it take to donate blood?,"The actual blood drawing takes about 8-10 minutes, but the entire process including screening takes about an hour."
What is my blood used for after donation?,"Your donated blood may be used for trauma victims, surgical patients, premature babies, cancer patients, and those with blood disorders."
Can I donate if I'm taking medication?,"It depends on the medication. Many medications are acceptable, but some may require a waiting period."
What is the age limit for blood donation?,"In most places, donors must be at least 17 years old (16 with parental consent in some areas) with no upper age limit as long as you're healthy."
Can I donate blood if I have tattoos?,"Yes, but in some regions you may need to wait 3-6 months after getting a new tattoo, depending on local regulations."
How does the blood bank ensure donation safety?,"Blood banks use sterile, single-use equipment for each donor and follow strict protocols to ensure both donor and recipient safety."
What happens if I feel unwell during donation?,"Staff are trained to handle any adverse reactions. The donation will be stopped immediately, and you'll receive appropriate care."
Can I donate blood if I've had COVID-19?,"Yes, but you typically need to wait until you've fully recovered and completed any quarantine period."
What happens to my blood after donation?,"Your blood is tested, processed into components (red cells, platelets, plasma), stored properly, and distributed to hospitals as needed."
Can I donate blood if I'm anemic?,"No, donors must have adequate hemoglobin levels, which are tested before donation to ensure donor safety."
How do I know my blood type?,"You'll be informed of your blood type after your first donation when the blood bank completes testing."
What is the universal donor blood type?,"O negative is the universal donor for red blood cells, as it can be given to anyone regardless of their blood type."
What is the rarest blood type?,"AB negative is the rarest blood type, found in less than 1% of the population."
Can I donate if I've traveled internationally recently?,"It depends on where you traveled. Some regions have temporary deferral periods due to risk of malaria or other infectious diseases."
How soon after donation can I exercise?,"It's recommended to avoid strenuous exercise for at least 24 hours after donating blood."
Can I drink alcohol after donating blood?,"It's best to avoid alcohol for at least 24 hours after donation as it can worsen dehydration."
What should I bring to my blood donation appointment?,"Bring a valid ID, a list of medications you're taking, and information about your health history."
Can I donate blood if I'm pregnant?,"No, pregnant women should not donate blood. You can donate after waiting at least 6 weeks after giving birth."
How long does donated blood last?,"Red blood cells can be stored for up to 42 days, platelets for 5 days, and plasma can be frozen for up to a year."
What is apheresis donation?,"Apheresis is a process where specific blood components like platelets or plasma are collected while returning the rest to the donor."
Can I donate blood if I smoke?,"Yes, smokers can donate blood, but it's recommended not to smoke for at least 2 hours before and after donation."
Can I donate blood if I drink alcohol regularly?,"Yes, but avoid alcohol for 24 hours before donation, and ensure you're well-hydrated."
What is a double red cell donation?,"Double red cell donation allows you to donate two units of red blood cells in one sitting while returning plasma and platelets to your body."
What should I do if I feel dizzy after donating?,"Inform a staff member immediately, lie down with your feet elevated, and drink fluids when you feel better."
Can a person with a pacemaker donate blood?,"Yes, individuals with pacemakers can typically donate blood if they're in good health and the pacemaker was implanted more than 6 months ago."
How many lives can one blood donation save?,"A single blood donation can save up to three lives when separated into components (red cells, platelets, and plasma)."
Is there a weight requirement for blood donation?,"Yes, donors typically need to weigh at least 110 pounds (50 kg) for their safety during donation."
Can I donate blood if I've had cancer?,"It depends on the type of cancer and treatment. Many cancer survivors can donate after being cancer-free for a specified period."
What happens if they find something wrong with my blood?,"If testing reveals any issues, you'll be contacted confidentially and advised appropriately. The blood won't be used for transfusion."
Can I donate blood if I have allergies?,"Yes, people with allergies can donate blood, though you should avoid donating if you're experiencing severe allergy symptoms."
What is the iron requirement for blood donation?,"Donors need adequate hemoglobin levels (typically 12.5 g/dL for women and 13.0 g/dL for men) to ensure their safety."
Can I donate if I've had a blood transfusion?,"Typically, you need to wait 12 months after receiving a blood transfusion before you can donate."
What is the most needed blood type?,"O positive and O negative are always in high demand, with O negative being crucial for emergency situations."
Can I use my phone while donating blood?,"Yes, you can use your phone while donating, but try to keep the arm being used for donation relatively still."
Can someone with HIV donate blood?,"No, individuals with HIV cannot donate blood due to transmission risk."
What is directed donation?,"Directed donation is when you donate blood specifically for a friend or family member who needs a transfusion."
Can I donate if I've recently had a vaccine?,"Most vaccines don't affect blood donation eligibility, but some may require a short waiting period."
How soon after surgery can I donate blood?,"Typically, you need to wait 6-12 months after major surgery before donating blood."
Can I donate blood if I have high cholesterol?,"Yes, high cholesterol doesn't disqualify you from donating blood."
What is a therapeutic phlebotomy?,"Therapeutic phlebotomy is a medical procedure to remove blood for treating certain conditions like hemochromatosis, not for donation purposes."
Can I donate blood during my period?,"Yes, menstruating women can donate blood, though be aware of your iron levels if you have heavy periods."
Can I eat after donating blood?,"Yes, it's recommended to have a nutritious meal after donation to help your body recover."
How can I prepare for my first blood donation?,"Get a good night's sleep, eat a healthy meal, drink extra water, wear comfortable clothing with accessible sleeves, and bring ID."